{
  "main.py": 1776410504.6484356,
  "manage.py": 1776410504.648952,
  "ai\\client.py": 1776410414.984101,
  "ai\\__init__.py": 1776410414.9754725,
  "ai\\agents\\anomaly_agent.py": 1776410414.9780786,
  "ai\\agents\\base_agent.py": 1776410414.9790847,
  "ai\\agents\\forecast_agent.py": 1776410414.9800856,
  "ai\\agents\\ocr_agent.py": 1776410414.981085,
  "ai\\agents\\query_agent.py": 1776410414.9825883,
  "ai\\agents\\__init__.py": 1776410414.9775264,
  "ai\\core\\decision.py": 1776410414.98661,
  "ai\\core\\planner.py": 1776410414.98661,
  "ai\\core\\reasoning.py": 1776410414.988115,
  "ai\\core\\__init__.py": 1776410414.985606,
  "ai\\pipelines\\anomaly_pipeline.py": 1776410414.991121,
  "ai\\pipelines\\forecast_pipeline.py": 1776410414.991121,
  "ai\\pipelines\\ocr_pipeline.py": 1776410414.9941368,
  "ai\\pipelines\\__init__.py": 1776410414.9901206,
  "ai\\tools\\claude_client.py": 1776410414.9956484,
  "ai\\tools\\db_tools.py": 1776410414.996653,
  "ai\\tools\\masking.py": 1776410414.996653,
  "ai\\tools\\openrouter_client.py": 1776410414.998841,
  "ai\\tools\\__init__.py": 1776410414.9941368,
  "apps\\core\\models.py": 1776500445.3293521,
  "apps\\core\\permissions.py": 1776503650.086033,
  "apps\\core\\management\\commands\\seed_demo.py": 1776503276.859363,
  "apps\\core\\migrations\\0003_cfo_role.py": 1776501116.15237,
  "apps\\invoices\\employee_views.py": 1776503640.8147397,
  "apps\\invoices\\models.py": 1776502283.8270023,
  "apps\\invoices\\policy_views.py": 1776502290.8921382,
  "apps\\invoices\\serializers.py": 1776500644.3105803,
  "apps\\invoices\\services.py": 1776503253.7079563,
  "apps\\invoices\\tests_e2e.py": 1776503568.4886198,
  "apps\\invoices\\urls.py": 1776500633.4718099,
  "apps\\invoices\\vendor_serializers.py": 1776500661.6388772,
  "apps\\invoices\\views.py": 1776503660.499527,
  "apps\\invoices\\migrations\\0006_cfo_role_policy_limits_payment_fields.py": 1776500681.103214,
  "config\\asgi.py": 1776410415.082228,
  "config\\celery.py": 1776410415.0827324,
  "config\\routers.py": 1776410415.0837371,
  "config\\settings.py": 1776410415.0847368,
  "config\\urls.py": 1776410415.0905921,
  "config\\wsgi.py": 1776410415.0915926,
  "config\\__init__.py": 1776410415.0812285,
  "config\\settings\\base.py": 1776410981.1537397,
  "config\\settings\\dev.py": 1776410995.5363111,
  "config\\settings\\prod.py": 1776410415.0895936,
  "config\\settings\\__init__.py": 1776410415.0857375,
  "frontend\\shared\\api.js": 1776501204.7145097,
  "CLAUDE.md": 1776414774.4425168,
  "README.md": 1776410414.9739664,
  "requirements.txt": 1776410504.6593342,
  "docs\\financeai-diagrams\\README.md": 1776410415.1643136,
  "docs\\financeai-diagrams\\00-whole-app\\1-use-case.md": 1776410415.1091907,
  "docs\\financeai-diagrams\\00-whole-app\\2-flow.md": 1776410415.1107345,
  "docs\\financeai-diagrams\\00-whole-app\\3-architecture.md": 1776410415.11174,
  "docs\\financeai-diagrams\\00-whole-app\\4-data-flow.md": 1776410415.113245,
  "docs\\financeai-diagrams\\01-expense-management\\1-use-case.md": 1776410415.114251,
  "docs\\financeai-diagrams\\01-expense-management\\2-flow.md": 1776410415.116253,
  "docs\\financeai-diagrams\\01-expense-management\\3-architecture.md": 1776410415.1172507,
  "docs\\financeai-diagrams\\01-expense-management\\4-data-flow.md": 1776410415.1195817,
  "docs\\financeai-diagrams\\02-invoice-management\\1-use-case.md": 1776410415.1206968,
  "docs\\financeai-diagrams\\02-invoice-management\\2-flow.md": 1776410415.1217024,
  "docs\\financeai-diagrams\\02-invoice-management\\3-architecture.md": 1776410415.1237018,
  "docs\\financeai-diagrams\\02-invoice-management\\4-data-flow.md": 1776410415.1237018,
  "docs\\financeai-diagrams\\03-budget-management\\1-use-case.md": 1776410415.1262548,
  "docs\\financeai-diagrams\\03-budget-management\\2-flow.md": 1776410415.1272106,
  "docs\\financeai-diagrams\\03-budget-management\\3-architecture.md": 1776410415.1292276,
  "docs\\financeai-diagrams\\03-budget-management\\4-data-flow.md": 1776410415.1302328,
  "docs\\financeai-diagrams\\04-vendor-management\\1-use-case.md": 1776410415.131235,
  "docs\\financeai-diagrams\\04-vendor-management\\2-flow.md": 1776410415.1327426,
  "docs\\financeai-diagrams\\04-vendor-management\\3-architecture.md": 1776410415.1337495,
  "docs\\financeai-diagrams\\04-vendor-management\\4-data-flow.md": 1776410415.1347504,
  "docs\\financeai-diagrams\\05-accounts-receivable\\1-use-case.md": 1776410415.1362903,
  "docs\\financeai-diagrams\\05-accounts-receivable\\2-flow.md": 1776410415.1372952,
  "docs\\financeai-diagrams\\05-accounts-receivable\\3-architecture.md": 1776410415.1382957,
  "docs\\financeai-diagrams\\05-accounts-receivable\\4-data-flow.md": 1776410415.1403995,
  "docs\\financeai-diagrams\\06-accounts-payable\\1-use-case.md": 1776410415.141399,
  "docs\\financeai-diagrams\\06-accounts-payable\\2-flow.md": 1776410415.1423993,
  "docs\\financeai-diagrams\\06-accounts-payable\\3-architecture.md": 1776410415.1436396,
  "docs\\financeai-diagrams\\06-accounts-payable\\4-data-flow.md": 1776410415.1441448,
  "docs\\financeai-diagrams\\07-cash-flow-forecasting\\1-use-case.md": 1776410415.1456585,
  "docs\\financeai-diagrams\\07-cash-flow-forecasting\\2-flow.md": 1776410415.1466637,
  "docs\\financeai-diagrams\\07-cash-flow-forecasting\\3-architecture.md": 1776410415.148169,
  "docs\\financeai-diagrams\\07-cash-flow-forecasting\\4-data-flow.md": 1776410415.1496913,
  "docs\\financeai-diagrams\\08-reporting\\1-use-case.md": 1776410415.1508353,
  "docs\\financeai-diagrams\\08-reporting\\2-flow.md": 1776410415.1518347,
  "docs\\financeai-diagrams\\08-reporting\\3-architecture.md": 1776410415.152834,
  "docs\\financeai-diagrams\\08-reporting\\4-data-flow.md": 1776410415.152834,
  "docs\\financeai-diagrams\\09-compliance-management\\1-use-case.md": 1776410415.1557753,
  "docs\\financeai-diagrams\\09-compliance-management\\2-flow.md": 1776410415.1567802,
  "docs\\financeai-diagrams\\09-compliance-management\\3-architecture.md": 1776410415.158284,
  "docs\\financeai-diagrams\\09-compliance-management\\4-data-flow.md": 1776410415.1592891,
  "docs\\financeai-diagrams\\10-audit-governance\\1-use-case.md": 1776410415.1607943,
  "docs\\financeai-diagrams\\10-audit-governance\\2-flow.md": 1776410415.1617985,
  "docs\\financeai-diagrams\\10-audit-governance\\3-architecture.md": 1776410415.1628008,
  "docs\\financeai-diagrams\\10-audit-governance\\4-data-flow.md": 1776410415.1633072,
  "docs\\financeai-diagrams\\_shared-capabilities\\ai-summaries.md": 1776410415.1668215,
  "docs\\financeai-diagrams\\_shared-capabilities\\anomaly-detection.md": 1776410415.168576,
  "docs\\financeai-diagrams\\_shared-capabilities\\approval-engine.md": 1776410415.1697347,
  "docs\\financeai-diagrams\\_shared-capabilities\\audit-trail.md": 1776410415.1702886,
  "docs\\financeai-diagrams\\_shared-capabilities\\d365-integration.md": 1776410415.1719856,
  "docs\\financeai-diagrams\\_shared-capabilities\\document-storage.md": 1776410415.1729853,
  "docs\\financeai-diagrams\\_shared-capabilities\\masking.md": 1776410415.1739862,
  "docs\\financeai-diagrams\\_shared-capabilities\\nl-query.md": 1776410415.1754954,
  "docs\\financeai-diagrams\\_shared-capabilities\\notifications.md": 1776410415.1780229,
  "docs\\financeai-diagrams\\_shared-capabilities\\ocr.md": 1776410415.1790297,
  "docs\\financeai-diagrams\\_shared-capabilities\\rbac-sod.md": 1776410415.180029,
  "docs\\financeai-diagrams\\_shared-capabilities\\README.md": 1776410415.1658173,
  "docs\\financeai-diagrams\\_shared-capabilities\\state-machine.md": 1776410415.1820283,
  "docs\\plan\\00-index.md": 1776410415.1835413,
  "docs\\plan\\01-project-overview.md": 1776410415.1846135,
  "docs\\plan\\02-system-architecture.md": 1776410415.185613,
  "docs\\plan\\03-data-models.md": 1776410415.1873796,
  "docs\\plan\\04-api-specifications.md": 1776410415.1883812,
  "docs\\plan\\05-auth-rbac.md": 1776410415.189691,